Название фильма;Оригинальное название фильма;Рейтинг;Жанр;Описание;Количество просмотров;Популярность;Возрастное ограничение;Продолжительность фильма;Количество отзывов пользователей;Количество отзывов критиков
1. Побег из Шоушенка (1994);The Shawshank Redemption;9,2;Drama;Two imprisoned men bond over a number of years, finding solace and eventual redemption through acts of common decency.;2.7M;88;16+;2h 22m;10.4K;166
2. Крестный отец (1972);The Godfather;9,2;Crime/Drama;The aging patriarch of an organized crime dynasty in postwar New York City transfers control of his clandestine empire to his reluctant youngest son.;1.8M;78;16+;2h 55m;5.1K;191
3. Темный рыцарь (2008);The Dark Knight;9,0;Action/Crime/Drama;When the menace known as the Joker wreaks havoc and chaos on the people of Gotham, Batman must accept one of the greatest psychological and physical tests of his ability to fight injustice.;2.6M;135;14+;2h 32m;8.3K;442
4. Крестный отец 2 (1974);The Godfather Part II;9,0;Crime/Drama;The early life and career of Vito Corleone in 1920s New York City is portrayed, while his son, Michael, expands and tightens his grip on the family crime syndicate.;1.3M;371;16+;3h 22m;1.3K;133
5. 12 разгневанных мужчин (1957);12 Angry Men;9,0;Crime/Drama;The jury in a New York City murder trial is frustrated by a single member whose skeptical caution forces them to more carefully consider the evidence before jumping to a hasty verdict.;783K;443;16+;1h 36m;2K;153
6. Список Шиндлера (1993);Schindler's List;8,9;Biography/Drama/History;In German-occupied Poland during World War II, industrialist Oskar Schindler gradually becomes concerned for his Jewish workforce after witnessing their persecution by the Nazis.;1.3M;299;16+;3h 15m;2.1K;175
7. Властелин колец: Возвращение короля (2003);The Lord of the Rings: The Return of the King;8,9;Action/Adventure/Drama;Gandalf and Aragorn lead the World of Men against Sauron's army to draw his gaze from Frodo and Sam as they approach Mount Doom with the One Ring.;1.8M;133;12+;3h 21m;4.1K;343
8. Криминальное чтиво (1994);Pulp Fiction;8,8;Crime/Drama;The lives of two mob hitmen, a boxer, a gangster and his wife, and a pair of diner bandits intertwine in four tales of violence and redemption.;2M;140;18+;2h 34m;3.5K;298
9. Властелин колец: Братство кольца (2001);The Lord of the Rings: The Fellowship of the Ring;8,8;Action/Adventure/Drama;A meek Hobbit from the Shire and eight companions set out on a journey to destroy the powerful One Ring and save Middle-earth from the Dark Lord Sauron.;1.9M;48;12+;2h 58m;5.6K;218
10. Хороший, плохой, злой (1966);Il buono, il brutto, il cattivo;8,8;Adventure/Western;A bounty hunting scam joins two men in an uneasy alliance against a third in a race to find a fortune in gold buried in a remote cemetery.;757K;624;12+;2h 41m;1.3K;157
11. Форрест Гамп (1994);Forrest Gump;8,8;Drama/Romance;The presidencies of Kennedy and Johnson, the Vietnam War, the Watergate scandal and other historical events unfold from the perspective of an Alabama man with an IQ of 75, whose only desire is to be reunited with his childhood sweetheart.;2.1M;171;0+;2h 22m;3K;176
12. Бойцовский клуб (1999);Fight Club;8,7;Drama;An insomniac office worker and a devil-may-care soap maker form an underground fight club that evolves into much more.;2.1M;146;18+;2h 19m;4.3K;373
13. Начало (2010);Inception;8,7;Action/Adventure/Sci-Fi;A thief who steals corporate secrets through the use of dream-sharing technology is given the inverse task of planting an idea into the mind of a C.E.O., but his tragic past may doom the project and his team to disaster.;2.3M;182;12+;2h 28m;4.6K;479
14. Властелин колец: Две крепости (2002);The Lord of the Rings: The Two Towers;8,7;Action/Adventure/Drama;While Frodo and Sam edge closer to Mordor with the help of the shifty Gollum, the divided fellowship makes a stand against Sauron's new ally, Saruman, and his hordes of Isengard.;1.7M;204;12+;2h 59m;2.7K;318
15. Звёздные войны. Эпизод 5: Империя наносит ответный удар (1980);The Empire Strikes Back;8,7;Action/Adventure/Fantasy;After the Rebels are brutally overpowered by the Empire on the ice planet Hoth, Luke Skywalker begins Jedi training with Yoda, while his friends are pursued across the galaxy by Darth Vader and bounty hunter Boba Fett.;1.3M;944;0+;2h 4m;1.4K;242
16. Матрица (1999);The Matrix;8,7;Action/Sci-Fi;When a beautiful stranger leads computer hacker Neo to a forbidding underworld, he discovers the shocking truth--the life he knows is the elaborate deception of an evil cyber-intelligence.;1.9M;318;16+;2h 16m;4.8K;254
17. Славные парни (1990);Goodfellas;8,7;Biography/Crime/Drama;The story of Henry Hill and his life in the mob, covering his relationship with his wife Karen Hill and his mob partners Jimmy Conway and Tommy DeVito in the Italian-American crime syndicate.;1.1M;294;16+;2h 25m;1.5K;163
18. Пролетая над гнездом кукушки (1975);One Flew Over the Cuckoo's Nest;8,6;Drama;In the Fall of 1963, a Korean War veteran and criminal pleads insanity and is admitted to a mental institution, where he rallies up the scared patients against the tyrannical nurse.;1M;306;16+;2h 13m;1.1K;185
19. Семь (1995);Se7en;8,6;Crime/Drama/Mystery;Two detectives, a rookie and a veteran, hunt a serial killer who uses the seven deadly sins as his motives.;1.6M;209;18+;2h 7m;1.8K;180
20. Семь самураев (1954);Shichinin no samurai;8,6;Action/Drama;Farmers from a village exploited by bandits hire a veteran samurai for protection, who gathers six other samurai to join him. As the samurai teach the peasants how to defend themselves, the village is attacked by an army of bandits.;345K;1,804;Not Rated;3h 27m;810;130
21. Эта замечательная жизнь (1946);It's a Wonderful Life;8,6;Drama/Family/Fantasy;An angel is sent from Heaven to help a desperately frustrated businessman by showing him what life would have been like if he had never existed.;453K;1,394;PG;2h 10m;1.1K;196
22. Молчание ягнят (1991);The Silence of the Lambs;8,6;Crime/Drama/Thriller;A young F.B.I. cadet must receive the help of an incarcerated and manipulative cannibal killer to help catch another serial killer, a madman who skins his victims.;1.4M;141;18+;1h 58m;1.5K;250
23. Город Бога (2002);Cidade de Deus;8,6;Crime/Drama;In the slums of Rio, two kids' paths diverge as one struggles to become a photographer and the other a kingpin.;753K;609;16+;2h 10m;1.1K;215
24. Спасти рядового Райана (1998);Saving Private Ryan;8,6;Drama/War;Following the Normandy Landings, a group of U.S. soldiers go behind enemy lines to retrieve a paratrooper whose brothers have been killed in action.;1.4M;454;16+;2h 49m;2.8K;163
25. Жизнь прекрасна (1997);La vita è bella;8,6;Comedy/Drama/Romance;When an open-minded Jewish waiter and his son become victims of the Holocaust, he uses a perfect mixture of will, humor, and imagination to protect his son from the dangers around their camp.;690K;731;0+;1h 56m;1.4K;156
26. Интерстеллар (2014);Interstellar;8,6;Adventure/Drama/Sci-Fi;A team of explorers travel through a wormhole in space in an attempt to ensure humanity's survival.;1.8M;131;12+;2h 49m;5.1K;635
27. Зелёная миля (1999);The Green Mile;8,6;Crime/Drama/Fantasy;The lives of guards on Death Row are affected by one of their charges: a black man accused of child murder and rape, yet who has a mysterious gift.;1.3M;380;14+;3h 9m;2K;212
28. Звёздные войны (1977);Star Wars;8,6;Action/Adventure/Fantasy;Luke Skywalker joins forces with a Jedi Knight, a cocky pilot, a Wookiee and two droids to save the galaxy from the Empire's world-destroying battle station, while also attempting to rescue Princess Leia from the mysterious Darth Vader.;1.4M;301;0+;2h 1m;2K;215
29. Терминатор 2: Судный день (1991);Terminator 2: Judgment Day;8,5;Action/Sci-Fi;A cyborg, identical to the one who failed to kill Sarah Connor, must now protect her ten-year-old son John from a more advanced and powerful cyborg.;1.1M;660;16+;2h 17m;1.4K;310
30. Назад в будущее (1985);Back to the Future;8,5;Adventure/Comedy/Sci-Fi;Marty McFly, a 17-year-old high school student, is accidentally sent 30 years into the past in a time-traveling DeLorean invented by his close friend, the maverick scientist Doc Brown.;1.2M;101;12+;1h 56m;1.4K;264
31. Унесённые призраками (2001);Sen to Chihiro no kamikakushi;8,5;Animation/Adventure/Family;During her family's move to the suburbs, a sullen 10-year-old girl wanders into a world ruled by gods, witches, and spirits, and where humans are changed into beasts.;755K;572;12+;2h 5m;1.6K;218
32. Психо (1960);Psycho;8,5;Horror/Mystery/Thriller;A Phoenix secretary embezzles $40,000 from her employer's client, goes on the run and checks into a remote motel run by a young man under the domination of his mother.;667K;320;16+;1h 49m;1.5K;254
33. Пианист (2002);The Pianist;8,5;Biography/Drama/Music;A Polish Jewish musician struggles to survive the destruction of the Warsaw ghetto of World War II.;824K;794;16+;2h 30m;1K;142
34. Паразиты (2019);Gisaengchung;8,5;Drama/Thriller;Greed and class discrimination threaten the newly formed symbiotic relationship between the wealthy Park family and the destitute Kim clan.;784K;199;18+;2h 12m;3.5K;607
35. Леон (1994);Léon;8,5;Action/Crime/Drama;12-year-old Mathilda is reluctantly taken in by Léon, a professional assassin, after her family is murdered. An unusual relationship forms as she becomes his protégée and learns the assassin's trade.;1.2M;255;16+;1h 50m;1.4K;157
36. Король Лев (1994);The Lion King;8,5;Animation/Adventure/Drama;Lion prince Simba and his father are targeted by his bitter uncle, who wants to ascend the throne himself.;1M;536;0+;1h 28m;1.1K;229
37. Гладиатор (2000);Gladiator;8,5;Action/Adventure/Drama;A former Roman General sets out to exact vengeance against the corrupt emperor who murdered his family and sent him into slavery.;1.5M;232;18+;2h 35m;2.9K;222
38. Американская история Икс (1998);American History X;8,5;Crime/Drama;A former neo-nazi skinhead tries to prevent his younger brother from going down the same wrong path that he did.;1.1M;697;16+;1h 59m;1.6K;126
39. Отступники (2006);The Departed;8,5;Crime/Drama/Thriller;An undercover cop and a mole in the police attempt to identify each other while infiltrating an Irish gang in South Boston.;1.3M;321;16+;2h 31m;2.5K;297
40. Подозрительные лица (1995);The Usual Suspects;8,5;Crime/Drama/Mystery;A sole survivor tells of the twisty events leading up to a horrific gun battle on a boat, which began when five criminals met at a seemingly random police lineup.;1.1M;516;16+;1h 46m;1.4K;151
41. Престиж (2006);The Prestige;8,5;Drama/Mystery/Sci-Fi;After a tragic accident, two stage magicians in 1890s London engage in a battle to create the ultimate illusion while sacrificing everything they have to outwit each other.;1.3M;284;12+;2h 10m;1.6K;368
42. Одержимость (2014);Whiplash;8,5;Drama/Music;A promising young drummer enrolls at a cut-throat music conservatory where his dreams of greatness are mentored by an instructor who will stop at nothing to realize a student's potential.;846K;194;16+;1h 46m;1.5K;592
43. Касабланка (1942);Casablanca;8,5;Drama/Romance/War;A cynical expatriate American cafe owner struggles to decide whether or not to help his former lover and her fugitive husband escape the Nazis in French Morocco.;569K;1,046;6+;1h 42m;1.4K;217
44. 1+1 (2011);Intouchables;8,5;Biography/Comedy/Drama;After he becomes a quadriplegic from a paragliding accident, an aristocrat hires a young man from the projects to be his caregiver.;850K;897;14+;1h 52m;806;326
45. Харакири (1962);Seppuku;8,5;Action/Drama/Mystery;Hanshiro Tsugumo: What befalls others today, may be your own fate tomorrow.;57K;3,599;Not Rated;2h 13m;294;81
46. Могила светлячков (1988);Hotaru no haka;8,5;Animation/Drama/War;A young boy and his little sister struggle to survive in Japan during World War II.;275K;1,746;Not Rated;1h 29m;934;139
47. Новые времена (1936);Modern Times;8,4;Comedy/Drama/Romance;The Tramp struggles to live in modern industrial society with the help of a young homeless woman.;242K;-;0+;1h 27m;347;126
48. Однажды на Диком Западе (1968);C'era una volta il West;8,4;Western;A mysterious stranger with a harmonica joins forces with a notorious desperado to protect a beautiful widow from a ruthless assassin working for the railroad.;328K;1,547;PG-13;2h 45m;817;148
49. Окно во двор (1954);Rear Window;8,4;Mystery/Thriller;A wheelchair-bound photographer spies on his neighbors from his Greenwich Village courtyard apartment window, and becomes convinced one of them has committed murder, despite the skepticism of his fashion-model girlfriend.;489K;1,403;12+;1h 52m;978;182
50. Огни большого города (1931);City Lights;8,4;Comedy/Drama/Romance;The Tramp: You can see now?;185K;-;G;1h 27m;343;129
51. Чужой (1979);Alien;8,4;Horror/Sci-Fi;The crew of a commercial spacecraft encounter a deadly lifeform after investigating an unknown transmission.;875K;233;18+;1h 57m;1.7K;302
52. Новый кинотеатр «Парадизо» (1988);Nuovo Cinema Paradiso;8,4;Drama/Romance;A filmmaker recalls his childhood when falling in love with the pictures at the cinema of his home village and forms a deep friendship with the cinema's projectionist.;260K;2,163;16+;2h 35m;595;121
53. Апокалипсис сегодня (1979);Apocalypse Now;8,4;Drama/Mystery/War;A U.S. Army officer serving in Vietnam is tasked with assassinating a renegade Special Forces Colonel who sees himself as a god.;664K;396;18+;2h 27m;1.3K;302
54. Помни (2000);Memento;8,4;Mystery/Thriller;A man with short-term memory loss attempts to track down his wife's murderer.;1.2M;552;16+;1h 53m;2.4K;231
55. Индиана Джонс: В поисках утраченного ковчега (1981);Raiders of the Lost Ark;8,4;Action/Adventure;Archaeology professor Indiana Jones ventures to seize a biblical artefact known as the Ark of the Covenant. While doing so, he puts up a fight against Renee and a troop of Nazis.;960K;599;0+;1h 55m;1K;278
56. Джанго освобожденный (2012);Django Unchained;8,4;Drama/Western;With the help of a German bounty-hunter, a freed slave sets out to rescue his wife from a brutal plantation-owner in Mississippi.;1.5M;345;18+;2h 45m;1.8K;659
57. ВАЛЛ·И (2008);WALL·E;8,4;Animation/Adventure/Family;In the distant future, a small waste-collecting robot inadvertently embarks on a space journey that will ultimately decide the fate of mankind.;1.1M;1,194;0+;1h 38m;1.4K;275
58. Жизнь других (2006);Das Leben der Anderen;8,4;Drama/Mystery/Thriller;[last lines];389K;1,397;16+;2h 17m;565;222
59. Сансет бульвар (1950);Sunset Blvd.;8,4;Drama/Film-Noir;A screenwriter develops a dangerous relationship with a faded film star determined to make a triumphant return.;222K;2,907;Passed;1h 50m;688;197
60. Тропы славы (1957);Paths of Glory;8,4;Drama/War;After refusing to attack an enemy position, a general accuses the soldiers of cowardice and their commanding officer must defend them.;197K;4,007;Approved;1h 28m;495;175
61. Сияние (1980);The Shining;8,4;Drama/Horror;A family heads to an isolated hotel for the winter where a sinister presence influences the father into violence, while his psychic son sees horrific forebodings from both past and future.;1M;137;18+;2h 26m;2.1K;360
62. Великий диктатор (1940);The Great Dictator;8,4;Comedy/Drama/War;Dictator Adenoid Hynkel tries to expand his empire while a poor Jewish barber tries to avoid persecution from Hynkel's regime.;224K;4,585;0+;2h 5m;319;124
63. Свидетель обвинения (1957);Witness for the Prosecution;8,4;Crime/Drama/Mystery;A veteran British barrister must defend his client in a murder trial that has surprise after surprise.;125K;4,054;Approved;1h 56m;332;95
64. Мстители: Война бесконечности (2018);Avengers: Infinity War;8,4;Action/Adventure/Sci-Fi;The Avengers and their allies must be willing to sacrifice all in an attempt to defeat the powerful Thanos before his blitz of devastation and ruin puts an end to the universe.;1.1M;377;16+;2h 29m;4.5K;629
65. Чужие (1986);Aliens;8,3;Action/Adventure/Sci-Fi;Fifty-seven years after surviving an apocalyptic attack aboard her space vessel by merciless space creatures, Officer Ripley awakens from hyper-sleep and tries to warn anyone who will listen about the predators.;713K;398;16+;2h 17m;1.4K;211
66. Красота по-американски (1999);American Beauty;8,3;Drama;A sexually frustrated suburban father has a mid-life crisis after becoming infatuated with his daughter's best friend.;1.1M;163;16+;2h 2m;3K;216
67. Человек-паук: Через Вселенные (2018);Spider-Man: Into the Spider-Verse;8,3;Animation/Action/Adventure;Teen Miles Morales becomes the Spider-Man of his universe, and must join with five spider-powered individuals from other dimensions to stop a threat for all realities.;519K;494;6+;1h 57m;2.1K;425
68. Доктор Стрейнджлав, или Как я научился не волноваться и полюбил атомную бомбу (1964);Dr. Strangelove or: How I Learned to Stop Worrying and Love the Bomb;8,3;Comedy/War;An insane American general orders a bombing attack on the Soviet Union, triggering a path to nuclear holocaust that a war room full of politicians and generals frantically tries to stop.;489K;1,236;PG;1h 35m;1K;238
69. Темный рыцарь: Возрождение легенды (2012);The Dark Knight Rises;8,3;Action/Drama;Eight years after the Joker's reign of anarchy, Batman, with the help of the enigmatic Selina Kyle, is forced from his exile to save Gotham City from the brutal guerrilla terrorist Bane.;1.7M;447;12+;2h 44m;3.7K;567
70. Олдбой (2003);Oldeuboi;8,3;Action/Drama/Mystery;After being kidnapped and imprisoned for fifteen years, Oh Dae-Su is released, only to find that he must find his captor in five days.;575K;433;18+;2h;1.1K;338
71. Джокер (2019);Joker;8,3;Crime/Drama/Thriller;A mentally troubled stand-up comedian embarks on a downward spiral that leads to the creation of an iconic villain.;1.3M;216;18+;2h 2m;11.3K;701
72. Амадей (1984);Amadeus;8,3;Biography/Drama/Music;The life, success and troubles of Wolfgang Amadeus Mozart, as told by Antonio Salieri, the contemporaneous composer who was insanely jealous of Mozart's talent and claimed to have murdered him.;400K;1,191;PG;2h 40m;714;127
73. История игрушек (1995);Toy Story;8,3;Animation/Adventure/Comedy;A cowboy doll is profoundly threatened and jealous when a new spaceman action figure supplants him as top toy in a boy's bedroom.;986K;887;6+;1h 21m;753;161
74. Бесславные ублюдки (2009);Inglourious Basterds;8,3;Adventure/Drama/War;In Nazi-occupied France during World War II, a plan to assassinate Nazi leaders by a group of Jewish U.S. soldiers coincides with a theatre owner's vengeful plans for the same.;1.4M;282;18+;2h 33m;2.1K;404
75. Храброе сердце (1995);Braveheart;8,3;Biography/Drama/History;Scottish warrior William Wallace leads his countrymen in a rebellion to free his homeland from the tyranny of King Edward I of England.;1M;316;16+;2h 58m;1.4K;151
76. Тайна Коко (2017);Coco;8,3;Animation/Adventure/Comedy;Aspiring musician Miguel, confronted with his family's ancestral ban on music, enters the Land of the Dead to find his great-great-grandfather, a legendary singer.;499K;509;12+;1h 45m;1.3K;418
77. Подводная лодка (1981);Das Boot;8,3;Drama/War;A German U-boat stalks the frigid waters of the North Atlantic as its young crew experience the sheer terror and claustrophobic world of a submariner in World War II.;251K;1,998;-;2h 29m;566;112
78. Топ Ган: Мэверик (2022);Top Gun: Maverick;8,3;Action/Drama;After thirty years, Maverick is still pushing the envelope as a top naval aviator, but must confront ghosts of his past when he leads TOP GUN's elite graduates on a mission that demands the ultimate sacrifice from those chosen to fly it.;404K;18;16+;2h 10m;3.7K;378
79. Мстители: Финал (2019);Avengers: Endgame;8,3;Action/Adventure/Drama;After the devastating events of Мстители: Война бесконечности (2018), the universe is in ruins. With the help of remaining allies, the Avengers assemble once more in order to reverse Thanos' actions and restore balance to the universe.;1.1M;157;16+;3h 1m;9.5K;595
80. Принцесса Мононоке (1997);Mononoke-hime;8,3;Animation/Action/Adventure;On a journey to find the cure for a Tatarigami's curse, Ashitaka finds himself in the middle of a war between the forest gods and Tatara, a mining colony. In this quest he also meets San, the Mononoke Hime.;392K;1,913;12+;2h 14m;797;135
81. Однажды в Америке (1984);Once Upon a Time in America;8,3;Crime/Drama;A former Prohibition-era Jewish gangster returns to the Lower East Side of Manhattan 35 years later, where he must once again confront the ghosts and regrets of his old life.;351K;615;16+;3h 49m;821;133
82. Умница Уилл Хантинг (1997);Good Will Hunting;8,3;Drama/Romance;Will Hunting, a janitor at M.I.T., has a gift for mathematics, but needs help from a psychologist to find direction in his life.;959K;364;16+;2h 6m;1K;161
83. Твоё имя (2016);Kimi no na wa.;8,3;Animation/Drama/Fantasy;Two strangers find themselves linked in a bizarre way. When a connection forms, will distance be the only thing to keep them apart?;264K;925;12+;1h 46m;987;244
84. Реквием по мечте (2000);Requiem for a Dream;8,3;Drama;The drug-induced utopias of four Coney Island people are shattered when their addictions run deep.;837K;351;18+;1h 42m;2.3K;179
85. История игрушек 3 (2010);Toy Story 3;8,3;Animation/Adventure/Comedy;The toys are mistakenly delivered to a day-care center instead of the attic right before Andy leaves for college, and it's up to Woody to convince the other toys that they weren't abandoned and to return home.;831K;2,005;0+;1h 43m;967;469
86. Поющие под дождем (1952);Singin' in the Rain;8,3;Comedy/Musical/Romance;A silent film star falls for a chorus girl just as he and his delusionally jealous screen partner are trying to make the difficult transition to talking pictures in 1920s Hollywood.;242K;1,431;G;1h 43m;776;176
87. Три идиота (2009);3 Idiots;8,3;Comedy/Drama;"Two friends are searching for their long lost companion. They revisit their college days and recall the memories of their friend who inspired them to think differently, even as the rest of the world called them ""idiots"".";398K;961;16+;2h 50m;923;56
88. Рай и ад (1963);Tengoku to jigoku;8,3;Crime/Drama/Mystery;An executive of a Yokohama shoe company becomes a victim of extortion when his chauffeur's son is kidnapped by mistake and held for ransom.;45K;-;Not Rated;2h 23m;155;103
89. Звёздные войны. Эпизод 6: Возвращение джедая (1983);Star Wars: Episode VI - Return of the Jedi;8,3;Action/Adventure/Fantasy;After a daring mission to rescue Han Solo from Jabba the Hutt, the Rebels dispatch to Endor to destroy the second Death Star. Meanwhile, Luke struggles to help Darth Vader back from the dark side without falling into the Emperor's trap.;1M;830;0+;2h 11m;953;213
90. 2001 год: Космическая одиссея (1968);2001: A Space Odyssey;8,3;Adventure/Sci-Fi;After uncovering a mysterious artifact buried beneath the Lunar surface, a spacecraft is sent to Jupiter to find its origins - a spacecraft manned by two men and the supercomputer H.A.L. 9000.;665K;554;12+;2h 29m;2.4K;288
91. Вечное сияние чистого разума (2004);Eternal Sunshine of the Spotless Mind;8,3;Drama/Romance/Sci-Fi;When their relationship turns sour, a couple undergoes a medical procedure to have each other erased from their memories.;1M;399;16+;1h 48m;2K;303
92. Бешеные псы (1992);Reservoir Dogs;8,3;Crime/Thriller;When a simple jewelry heist goes horribly wrong, the surviving criminals begin to suspect that one of them is a police informant.;1M;649;18+;1h 39m;1.2K;202
93. Капернаум (2018);Capharnaüm;8,3;Drama;While serving a five-year sentence for a violent crime, a 12-year-old boy sues his parents for neglect.;89K;1,598;18+;2h 6m;472;197
94. Охота (2012);Jagten;8,3;Drama;A teacher lives a lonely life, all the while struggling over his son's custody. His life slowly gets better as he finds love and receives good news from his son, but his new luck is about to be brutally shattered by an innocent little lie.;328K;680;16+;1h 55m;540;384
95. Гражданин Кейн (1941);Citizen Kane;8,3;Drama/Mystery;Following the death of publishing tycoon Charles Foster Kane, reporters scramble to uncover the meaning of his final utterance: 'Rosebud.';441K;1,622;12+;1h 59m;1.6K;201
96. Лоуренс Аравийский (1962);Lawrence of Arabia;8,3;Adventure/Biography/Drama;The story of T.E. Lawrence, the English officer who successfully united and led the diverse, often warring, Arab tribes during World War I in order to fight the Turks.;293K;1,866;Approved;3h 38m;749;165
97. М убийца (1931);M - Eine Stadt sucht einen Mörder;8,3;Crime/Mystery/Thriller;When the police in a German city are unable to catch a child-murderer, other criminals join in the manhunt.;158K;3,037;Passed;1h 57m;411;178
98. Иди и смотри (1985);Idi i smotri;8,3;Drama/Thriller/War;After finding an old rifle, a young boy joins the Soviet resistance movement against ruthless German forces and experiences the horrors of World War II.;79K;917;16+;2h 22m;628;127
99. На север через северо-запад (1959);North by Northwest;8,3;Action/Adventure/Mystery;A New York City advertising executive goes on the run after being mistaken for a government agent by a group of foreign spies, and falls for a woman whose loyalties he begins to doubt.;327K;2,145;12+;2h 16m;703;189
100. Головокружение (1958);Vertigo;8,2;Mystery/Romance/Thriller;A former San Francisco police detective juggles wrestling with his personal demons and becoming obsessed with the hauntingly beautiful woman he has been hired to trail, who may be deeply disturbed.;401K;1,632;16+;2h 8m;1K;187
101. Амели (2001);Le fabuleux destin d'Amélie Poulain;8,2;Comedy/Romance;Amélie is an innocent and naive girl in Paris with her own sense of justice. She decides to help those around her and, along the way, discovers love.;754K;1,212;12+;2h 2m;1.5K;153
102. Заводной апельсин (1971);A Clockwork Orange;8,2;Crime/Sci-Fi;In the future, a sadistic gang leader is imprisoned and volunteers for a conduct-aversion experiment, but it doesn't go as planned.;825K;303;18+;2h 16m;1.7K;165
103. Квартира (1960);The Apartment;8,2;Comedy/Drama/Romance;A Manhattan insurance clerk tries to rise in his company by letting its executives use his apartment for trysts, but complications and a romance of his own ensue.;181K;3,653;Approved;2h 5m;401;239
104. Двойная страховка (1944);Double Indemnity;8,2;Crime/Drama/Film-Noir;A Los Angeles insurance representative lets an alluring housewife seduce him into a scheme of insurance fraud and murder that arouses the suspicion of his colleague, an insurance investigator.;157K;1,907;Passed;1h 47m;450;171
105. Цельнометаллическая оболочка (1987);Full Metal Jacket;8,2;Drama/War;A pragmatic U.S. Marine observes the dehumanizing effects the Vietnam War has on his fellow recruits from their brutal boot camp training to the bloody street fighting in Hue.;739K;570;18+;1h 56m;946;168
106. Жить (1952);Ikiru;8,2;Drama;A bureaucrat tries to find meaning in his life after he discovers he has terminal cancer.;79K;4,736;Not Rated;2h 23m;248;139
107. Лицо со шрамом (1983);Scarface;8,2;Crime/Drama;In 1980 Miami, a determined Cuban immigrant takes over a drug cartel and succumbs to greed.;834K;411;18+;2h 50m;1.2K;186
108. Гамильтон (2020);Hamilton;8,2;Biography/Drama/History;The real life of one of America's foremost founding fathers and first Secretary of the Treasury, Alexander Hamilton. Captured live on Broadway from the Richard Rodgers Theater with the original Broadway cast.;93K;589;PG-13;2h 40m;711;106
109. Афера (1973);The Sting;8,2;Comedy/Crime/Drama;Two grifters team up to pull off the ultimate con.;262K;1,416;0+;2h 9m;347;135
110. Убить пересмешника (1962);To Kill a Mockingbird;8,2;Crime/Drama;Atticus Finch, a widowed lawyer in Depression-era Alabama, defends a black man against an undeserved rape charge, and his children against prejudice.;316K;1,393;Approved;2h 9m;607;161
111. Схватка (1995);Heat;8,2;Action/Crime/Drama;A group of high-end professional thieves start to feel the heat from the LAPD when they unknowingly leave a clue at their latest heist.;651K;349;16+;2h 50m;1.2K;216
112. Вверх (2009);Up;8,2;Animation/Adventure/Comedy;78-year-old Carl Fredricksen travels to Paradise Falls in his house equipped with balloons, inadvertently taking a young stowaway.;1M;1,343;0+;1h 36m;1K;409
113. Таксист (1976);Taxi Driver;8,2;Crime/Drama;A mentally unstable veteran works as a nighttime taxi driver in New York City, where the perceived decadence and sleaze fuels his urge for violent action.;824K;326;18+;1h 54m;1.3K;302
114. Пожары (2010);Incendies;8,2;Drama/Mystery;Twins journey to the Middle East to discover their family history and fulfill their mother's last wishes.;177K;1,358;16+;2h 11m;324;247
115. Метрополис (1927);Metropolis;8,2;Drama/Sci-Fi;In a futuristic city sharply divided between the working class and the city planners, the son of the city's mastermind falls in love with a working-class prophet who predicts the coming of a savior to mediate their differences.;174K;1,710;(Banned);2h 33m;538;222
116. Развод Надера и Симин (2011);Jodaeiye Nader az Simin;8,2;Drama;A married couple are faced with a difficult decision - to improve the life of their child by moving to another country or to stay in Iran and look after a deteriorating parent who has Alzheimer's disease.;245K;3,227;PG-13;2h 3m;422;378
117. Секреты Лос-Анджелеса (1997);L.A. Confidential;8,2;Crime/Drama/Mystery;As corruption grows in 1950s Los Angeles, three policemen - one strait-laced, one brutal, and one sleazy - investigate a series of murders with their own brand of justice.;581K;1,324;16+;2h 18m;797;153
118. Большой куш (2000);Snatch;8,2;Comedy/Crime;Unscrupulous boxing promoters, violent bookmakers, a Russian gangster, incompetent amateur robbers and supposedly Jewish jewelers fight to track down a priceless stolen diamond.;851K;481;16+;1h 44m;927;170
119. Похитители велосипедов (1948);Ladri di biciclette;8,2;Drama;In post-war Italy, a working-class man's bicycle is stolen, endangering his efforts to find work. He and his son set out to find it.;163K;-;Not Rated;1h 29m;353;142
120. Крепкий орешек (1988);Die Hard;8,2;Action/Thriller;An NYPD officer tries to save his wife and several others taken hostage by German terrorists during a Christmas party at the Nakatomi Plaza in Los Angeles.;871K;810;16+;2h 12m;1.1K;202
121. Индиана Джонс и последний крестовый поход (1989);Indiana Jones and the Last Crusade;8,2;Action/Adventure;"In 1938, after his father Professor Henry Jones, Sr. goes missing while pursuing the Holy Grail, Professor Henry ""Indiana"" Jones, Jr. finds himself up against Adolf Hitler's Nazis again to stop them from obtaining its powers.";751K;1,576;0+;2h 7m;667;182
122. 1917 (2019);-;8,2;Action/Drama/War;April 6th, 1917. As an infantry battalion assembles to wage war deep in enemy territory, two soldiers are assigned to race against time and deliver a message that will stop 1,600 men from walking straight into a deadly trap.;578K;421;16+;1h 59m;3.4K;520
123. Звёздочки на земле (2007);Taare Zameen Par;8,2;Drama/Family;An eight-year-old boy is thought to be a lazy trouble-maker, until the new art teacher has the patience and compassion to discover the real problem behind his struggles in school.;193K;3,560;0+;2h 45m;444;37
124. Бункер (2004);Der Untergang;8,2;Biography/Drama/History;Adolf Hitler: That was an order! Steiner's assault was an order! Who do you think you are to dare disobey an order I give? So this is what it has come to! The military has been lying to me. Everybody has been lying to me, even the SS! Our generals are just a bunch of contemptible, disloyal cowards.;355K;1,347;12+;2h 36m;679;115
125. На несколько долларов больше (1965);Per qualche dollaro in più;8,2;Western;Two bounty hunters with the same intentions team up to track down an escaped Mexican outlaw.;256K;3,517;14+;2h 12m;343;107
126. Бэтмен: Начало (2005);Batman Begins;8,2;Action/Crime/Drama;After training with his mentor, Batman begins his fight to free crime-ridden Gotham City from corruption.;1.5M;543;12+;2h 20m;3.1K;340
127. Дангал (2016);Dangal;8,2;Action/Biography/Drama;Former wrestler Mahavir Singh Phogat and his two wrestler daughters struggle towards glory at the Commonwealth Games in the face of societal oppression.;190K;2,175;Not Rated;2h 41m;465;64
128. Малыш (1921);The Kid;8,2;Comedy/Drama/Family;Title Card: A picture with a smile - and perhaps, a tear.;127K;-;Passed;1h 8m;234;116
129. В джазе только девушки (1959);Some Like It Hot;8,2;Comedy/Music/Romance;After two male musicians witness a mob hit, they flee the state in an all-female band disguised as women, but further complications set in.;267K;777;Passed;2h 1m;496;231
130. Всё о Еве (1950);All About Eve;8,2;Drama;A seemingly timid but secretly ruthless ingénue insinuates herself into the lives of an aging Broadway star and her circle of theater friends.;132K;3,450;Passed;2h 18m;419;155
131. Отец (2020);The Father;8,2;Drama/Mystery;A man refuses all assistance from his daughter as he ages. As he tries to make sense of his changing circumstances, he begins to doubt his loved ones, his own mind and even the fabric of his reality.;150K;842;16+;1h 37m;1K;315
132. Зеленая книга (2018);Green Book;8,2;Biography/Comedy/Drama;A working-class Italian-American bouncer becomes the driver for an African-American classical pianist on a tour of venues through the 1960s American South.;484K;472;16+;2h 10m;1.7K;424
133. Волк с Уолл-стрит (2013);The Wolf of Wall Street;8,2;Biography/Comedy/Crime;Based on the true story of Jordan Belfort, from his rise to a wealthy stock-broker living the high life to his fall involving crime, corruption and the federal government.;1.4M;124;18+;3h;1.7K;427
134. Нюрнбергский процесс (1961);Judgment at Nuremberg;8,2;Drama/War;In 1948, an American court in occupied Germany tries four Nazis judged for war crimes.;78K;-;Approved;2h 59m;248;106
135. Ран (1985);Ran;8,2;Action/Drama/War;In Medieval Japan, an elderly warlord retires, handing over his empire to his three sons. However, he vastly underestimates how the new-found power will corrupt them and cause them to turn on each other...and him.;126K;3,241;R;2h 42m;327;169
136. Казино (1995);Casino;8,2;Crime/Drama;A tale of greed, deception, money, power, and murder occur between two best friends: a mafia enforcer and a casino executive compete against each other over a gambling empire, and over a fast-living and fast-loving socialite.;517K;580;18+;2h 58m;738;148
137. Лабиринт Фавна (2006);El laberinto del fauno;8,2;Drama/Fantasy/War;In the Falangist Spain of 1944, the bookish young stepdaughter of a sadistic army officer escapes into an eerie but captivating fantasy world.;666K;555;14+;1h 58m;1.3K;463
138. Непрощенный (1992);Unforgiven;8,2;Drama/Western;"Retired Old West gunslinger William Munny reluctantly takes on one last job, with the help of his old partner Ned Logan and a young man, The ""Schofield Kid.""";411K;1,095;R;2h 10m;684;142
139. Нефть (2007);There Will Be Blood;8,2;Drama;A story of family, religion, hatred, oil and madness, focusing on a turn-of-the-century prospector in the early days of the business.;583K;571;16+;2h 38m;1.5K;358
140. Человек-паук: Нет пути домой (2021);Spider-Man: No Way Home;8,2;Action/Adventure/Fantasy;With Spider-Man's identity now revealed, Peter asks Doctor Strange for help. When a spell goes wrong, dangerous foes from other worlds start to appear, forcing Peter to discover what it truly means to be Spider-Man.;736K;102;12+;2h 28m;6.1K;412
141. Шоу Трумана (1998);The Truman Show;8,2;Comedy/Drama;An insurance salesman discovers his whole life is actually a reality TV show.;1.1M;579;0+;1h 43m;1.4K;252
142. Шестое чувство (1999);The Sixth Sense;8,2;Drama/Mystery/Thriller;A frightened, withdrawn Philadelphia boy who communicates with spirits seeks the help of a disheartened child psychologist.;986K;352;12+;1h 47m;2.3K;262
143. Игры разума (2001);A Beautiful Mind;8,2;Biography/Drama;After John Nash, a brilliant but asocial mathematician, accepts secret work in cryptography, his life takes a turn for the nightmarish.;928K;861;12+;2h 15m;1.4K;159
144. Телохранитель (1961);Yôjinbô;8,1;Action/Drama/Thriller;A crafty ronin comes to a town divided by two criminal gangs and decides to play them against each other to free the town.;123K;-;Not Rated;1h 50m;232;139
145. Монти Пайтон и священный Грааль (1975);Monty Python and the Holy Grail;8,1;Adventure/Comedy/Fantasy;King Arthur and his Knights of the Round Table embark on a surreal, low-budget search for the Holy Grail, encountering many, very silly obstacles.;540K;1,562;PG;1h 31m;844;116
146. Сокровища Сьерра Мадре (1948);The Treasure of the Sierra Madre;8,1;Adventure/Drama/Western;Two down-on-their-luck Americans searching for work in 1920s Mexico convince an old prospector to help them mine for gold in the Sierra Madre Mountains.;125K;-;Passed;2h 6m;313;107
147. Остров проклятых (2010);Shutter Island;8,1;Mystery/Thriller;In 1954, a U.S. Marshal investigates the disappearance of a murderer who escaped from a hospital for the criminally insane.;1.3M;266;16+;2h 18m;1.5K;525
148. Парк юрского периода (1993);Jurassic Park;8,1;Action/Adventure/Sci-Fi;A pragmatic paleontologist touring an almost complete theme park on an island in Central America is tasked with protecting a couple of kids after a power failure causes the park's cloned dinosaurs to run loose.;981K;261;6+;2h 7m;1.3K;256
149. Расёмон (1950);Rashômon;8,1;Crime/Drama/Mystery;The rape of a bride and the murder of her samurai husband are recalled from the perspectives of a bandit, the bride, the samurai's ghost and a woodcutter.;169K;-;Not Rated;1h 28m;390;138
150. Большой побег (1963);The Great Escape;8,1;Adventure/Drama/History;Allied prisoners of war plan for several hundred of their number to escape from a German camp during World War II.;244K;1,591;Approved;2h 52m;426;122
151. Убить Билла (2003);Kill Bill: Vol. 1;8,1;Action/Crime/Drama;After awakening from a four-year coma, a former assassin wreaks vengeance on the team of assassins who betrayed her.;1.1M;500;16+;1h 51m;2.4K;333
152. Старикам тут не место (2007);No Country for Old Men;8,1;Crime/Drama/Thriller;Violence and mayhem ensue after a hunter stumbles upon a drug deal gone wrong and more than two million dollars in cash near the Rio Grande.;964K;293;16+;2h 2m;2K;528
153. В поисках Немо (2003);Finding Nemo;8,1;Animation/Adventure/Comedy;After his son is captured in the Great Barrier Reef and taken to Sydney, a timid clownfish sets out on a journey to bring him home.;1M;1,238;0+;1h 40m;1K;164
154. Человек-Слон (1980);The Elephant Man;8,1;Biography/Drama;A Victorian surgeon rescues a heavily disfigured man who is mistreated while scraping a living as a side-show freak. Behind his monstrous façade, there is revealed a person of kindness, intelligence and sophistication.;241K;1,896;14+;2h 4m;469;164
155. Китайский квартал (1974);Chinatown;8,1;Drama/Mystery/Thriller;A private detective hired to expose an adulterer in 1930s Los Angeles finds himself caught up in a web of deceit, corruption, and murder.;326K;1,685;16+;2h 10m;609;164
156. Нечто (1982);The Thing;8,1;Horror/Mystery/Sci-Fi;A research team in Antarctica is hunted by a shape-shifting alien that assumes the appearance of its victims.;422K;220;18+;1h 49m;1.3K;382
157. Бешеный бык (1980);Raging Bull;8,1;Biography/Drama/Sport;The life of boxer Jake LaMotta, whose violence and temper that led him to the top in the ring destroyed his life outside of it.;353K;2,181;16+;2h 9m;660;161
158. Унесенные ветром (1939);Gone with the Wind;8,1;Drama/Romance/War;The manipulative daughter of a Georgia plantation owner conducts a turbulent romance with a roguish profiteer during the American Civil War and Reconstruction periods.;315K;1,266;Passed;3h 58m;971;195
159. «V» значит Вендетта (2005);V for Vendetta;8,1;Action/Drama/Sci-Fi;"In a future British dystopian society, a shadowy freedom fighter, known only by the alias of ""V"", plots to overthrow the tyrannical government - with the help of a young woman.";1.1M;626;16+;2h 12m;2.4K;212
160. Головоломка (2015);Inside Out;8,1;Animation/Adventure/Comedy;After young Riley is uprooted from her Midwest life and moved to San Francisco, her emotions - Joy, Fear, Anger, Disgust and Sadness - conflict on how best to navigate a new city, house, and school.;707K;926;6+;1h 35m;1.1K;595
161. Карты, деньги, два ствола (1998);Lock, Stock and Two Smoking Barrels;8,1;Action/Comedy/Crime;Eddy persuades his three pals to pool money for a vital poker game against a powerful local mobster, Hatchet Harry. Eddy loses, after which Harry gives him a week to pay back 500,000 pounds.;580K;1,245;18+;1h 47m;638;119
162. В случае убийства набирайте «М» (1954);Dial M for Murder;8,1;Crime/Thriller;A former tennis star arranges the murder of his adulterous wife.;176K;4,291;16+;1h 45m;417;115
163. Тайна в его глазах (2009);El secreto de sus ojos;8,1;Drama/Mystery/Romance;A retired legal counselor writes a novel hoping to find closure for one of his past unresolved homicide cases and for his unreciprocated love with his superior - both of which still haunt him decades later.;210K;2,342;18+;2h 9m;343;286
164. Ходячий замок (2004);Hauru no ugoku shiro;8,1;Animation/Adventure/Family;When an unconfident young woman is cursed with an old body by a spiteful witch, her only chance of breaking the spell lies with a self-indulgent yet insecure young wizard and his companions in his legged, walking castle.;392K;1,094;12+;1h 59m;557;241
165. Мост через реку Квай (1957);The Bridge on the River Kwai;8,1;Adventure/Drama/War;British POWs are forced to build a railway bridge across the river Kwai for their Japanese captors in occupied Burma, not knowing that the allied forces are planning a daring commando raid through the jungle to destroy it.;221K;2,739;PG;2h 41m;373;111
166. Три билборда на границе Эббинга, Миссури (2017);Three Billboards Outside Ebbing, Missouri;8,1;Comedy/Crime/Drama;A mother personally challenges the local authorities to solve her daughter's murder when they fail to catch the culprit.;502K;630;18+;1h 55m;1.3K;575
167. На игле (1996);Trainspotting;8,1;Drama;Renton, deeply immersed in the Edinburgh drug scene, tries to clean up and get out, despite the allure of the drugs and influence of friends.;684K;836;18+;1h 33m;683;156
168. Воин (2011);Warrior;8,1;Action/Drama/Sport;The youngest son of an alcoholic former boxer returns home, where he's trained by his father for competition in a mixed martial arts tournament - a path that puts the fighter on a collision course with his estranged, older brother.;471K;881;12+;2h 20m;809;336
169. Гран Торино (2008);Gran Torino;8,1;Drama;Disgruntled Korean War veteran Walt Kowalski sets out to reform his neighbor, Thao Lor, a Hmong teenager who tried to steal Kowalski's prized possession: a 1972 Gran Torino.;773K;2,169;16+;1h 56m;1.1K;366
170. Фарго (1996);Fargo;8,1;Crime/Thriller;Minnesota car salesman Jerry Lundegaard's inept crime falls apart due to his and his henchmen's bungling and the persistent police work of the quite pregnant Marge Gunderson.;675K;825;16+;1h 38m;1K;235
171. Пленницы (2013);Prisoners;8,1;Crime/Drama/Mystery;When Keller Dover's daughter and her friend go missing, he takes matters into his own hands as the police pursue multiple leads and the pressure mounts.;703K;143;16+;2h 33m;1.1K;498
172. Мой сосед Тоторо (1988);Tonari no Totoro;8,1;Animation/Comedy/Family;When two girls move to the country to be near their ailing mother, they have adventures with the wondrous forest spirits who live nearby.;337K;2,543;0+;1h 26m;560;148
173. Малышка на миллион (2004);Million Dollar Baby;8,1;Drama/Sport;A determined woman works with a hardened boxing trainer to become a professional.;685K;1,730;16+;2h 12m;1.3K;261
174. Поймай меня, если сможешь (2002);Catch Me If You Can;8,1;Biography/Crime/Drama;Barely 21 yet, Frank is a skilled forger who has passed as a doctor, lawyer and pilot. FBI agent Carl becomes obsessed with tracking down the con man, who only revels in the pursuit.;970K;623;12+;2h 21m;989;199
175. Золотая лихорадка (1925);The Gold Rush;8,1;Adventure/Comedy/Drama;A prospector goes to the Klondike during the 1890s gold rush in hopes of making his fortune, and is smitten with a girl he sees in a dance hall.;112K;-;Passed;1h 35m;220;128
176. Дети небес (1997);Bacheha-Ye aseman;8,1;Drama/Family/Sport;"After a boy loses his sister's pair of shoes, he goes on a series of adventures in order to find them. When he can't, he tries a new way to ""win"" a new pair.";75K;-;PG;1h 29m;204;62
177. Бегущий по лезвию (1982);Blade Runner;8,1;Action/Drama/Sci-Fi;A blade runner must pursue and terminate four replicants who stole a ship in space, and have returned to Earth to find their creator.;765K;439;14+;1h 57m;1.7K;289
178. В порту (1954);On the Waterfront;8,1;Crime/Drama/Thriller;An ex-prize fighter turned New Jersey longshoreman struggles to stand up to his corrupt union bosses, including his older brother, as he starts to connect with the grieving sister of one of the syndicate's victims.;155K;1,691;Approved;1h 48m;385;166
179. 12 лет рабства (2013);12 Years a Slave;8,1;Biography/Drama/History;In the antebellum United States, Solomon Northup, a free black man from upstate New York, is abducted and sold into slavery.;698K;1,133;16+;2h 14m;965;489
180. Перед рассветом (1995);Before Sunrise;8,1;Drama/Romance;A young man and woman meet on a train in Europe, and wind up spending one evening together in Vienna. Unfortunately, both know that this will probably be their only night together.;307K;1,205;R;1h 41m;595;158
181. Третий человек (1949);The Third Man;8,1;Film-Noir/Mystery/Thriller;Pulp novelist Holly Martins travels to shadowy, postwar Vienna, only to find himself investigating the mysterious death of an old friend, Harry Lime.;172K;4,234;Approved;1h 44m;517;215
182. Земляничная поляна (1957);Smultronstället;8,1;Drama/Romance;Viktor: [to his friend who wants to become a priest] When your were little you belived in Santa Claus, now you belive in God.;108K;-;Not Rated;1h 31m;216;106
183. Гарри Поттер и Дары смерти: Часть II (2011);Harry Potter and the Deathly Hallows: Part 2;8,1;Adventure/Family/Fantasy;Harry, Ron, and Hermione search for Voldemort's remaining Horcruxes in their effort to destroy the Dark Lord as the final battle rages on at Hogwarts.;868K;452;12+;2h 10m;1K;490
184. Бен-Гур (1959);Ben-Hur;8,1;Adventure/Drama;After a Jewish prince is betrayed and sent into slavery by a Roman friend in 1st-century Jerusalem, he regains his freedom and comes back for revenge.;239K;2,663;0+;3h 32m;497;134
185. Исчезнувшая (2014);Gone Girl;8,1;Drama/Mystery/Thriller;With his wife's disappearance having become the focus of an intense media circus, a man sees the spotlight turned on him when it's suspected that he may not be innocent.;975K;314;18+;2h 29m;1.7K;632
186. Паровоз Генерал (1926);The General;8,1;Action/Adventure/Comedy;After being rejected by the Confederate military, not realizing it was due to his crucial civilian role, an engineer must single-handedly recapture his beloved locomotive after it is seized by Union spies and return it through enemy lines.;92K;-;Passed;1h 7m;331;122
187. Охотник на оленей (1978);The Deer Hunter;8,1;Drama/War;An in-depth examination of the ways in which the Vietnam War impacts and disrupts the lives of several friends in a small steel mill town in Pennsylvania.;339K;1,744;16+;3h 3m;1.2K;145
188. Отель «Гранд Будапешт» (2014);The Grand Budapest Hotel;8,1;Adventure/Comedy/Crime;A writer encounters the owner of an aging high-class hotel, who tells him of his early years serving as a lobby boy in the hotel's glorious years under an exceptional concierge.;801K;374;16+;1h 39m;1K;578
189. Во имя отца (1993);In the Name of the Father;8,1;Biography/Crime/Drama;[Speaking to people outside the court];175K;3,557;16+;2h 13m;219;64
190. Барри Линдон (1975);Barry Lyndon;8,1;Adventure/Drama/War;An Irish rogue wins the heart of a rich widow and assumes her dead husband's aristocratic position in 18th-century England.;168K;1,609;16+;3h 5m;527;104
191. Плата за страх (1953);Le salaire de la peur;8,1;Adventure/Drama/Thriller;In a decrepit South American village, four men are hired to transport an urgent nitroglycerine shipment without the equipment that would make it safe.;61K;-;Not Rated;2h 11m;188;142
192. Шерлок младший (1924);Sherlock Jr.;8,1;Action/Comedy/Romance;A film projectionist longs to be a detective, and puts his meagre skills to work when he is framed by a rival for stealing his girlfriend's father's pocketwatch.;50K;-;Passed;45m;347;70
193. Мистер Смит едет в Вашингтон (1939);Mr. Smith Goes to Washington;8,1;Comedy/Drama;A naive youth leader is appointed to fill a vacancy in the U.S. Senate. His idealistic plans promptly collide with corruption at home and subterfuge from his hero in Washington, but he tries to forge ahead despite attacks on his character.;116K;-;12+;2h 9m;338;97
194. Воспоминания об убийстве (2003);Salinui chueok;8,1;Crime/Drama/Mystery;In a small Korean province in 1986, two detectives struggle with the case of multiple young women being found raped and murdered by an unknown culprit.;182K;763;18+;2h 11m;386;181
195. По соображениям совести (2016);Hacksaw Ridge;8,1;Biography/Drama/History;World War II American Army Medic Desmond T. Doss, who served during the Battle of Okinawa, refuses to kill people and becomes the first man in American history to receive the Medal of Honor without firing a shot.;520K;561;18+;2h 19m;1.1K;481
196. Клаус (2019);Klaus;8,1;Animation/Adventure/Comedy;A simple act of kindness always sparks another, even in a frozen, faraway place. When Smeerensburg's new postman, Jesper, befriends toymaker Klaus, their gifts melt an age-old feud and deliver a sleigh full of holiday traditions.;148K;3,500;PG;1h 36m;801;117
197. Дикие истории (2014);Relatos salvajes;8,1;Comedy/Drama/Thriller;Six short stories that explore the extremities of human behavior involving people in distress.;198K;1,564;18+;2h 2m;279;317
198. Седьмая печать (1957);Det sjunde inseglet;8,1;Drama/Fantasy;Antonius Block: We must make an idol of our fear, and call it god.;185K;3,146;16+;1h 36m;391;144
199. Комната (2015);Room;8,1;Drama/Thriller;Held captive for 7 years in an enclosed space, a woman and her young son finally gain their freedom, allowing the boy to experience the outside world for the first time.;419K;1,003;18+;1h 58m;791;486
200. Безумный Макс: Дорога ярости (2015);Mad Max: Fury Road;8,1;Action/Adventure/Sci-Fi;In a post-apocalyptic wasteland, a woman rebels against a tyrannical ruler in search for her homeland with the aid of a group of female prisoners, a psychotic worshiper, and a drifter named Max.;994K;440;16+;2h;2.2K;840
201. Мэри и Макс (2009);Mary and Max.;8,1;Animation/Comedy/Drama;A tale of friendship between two unlikely pen pals: Mary, a lonely, eight-year-old girl living in the suburbs of Melbourne, and Max, a forty-four-year old, severely obese man living in New York.;177K;4,862;Not Rated;1h 32m;260;181
202. Как приручить дракона (2010);How to Train Your Dragon;8,1;Animation/Action/Adventure;A hapless young Viking who aspires to hunt dragons becomes the unlikely friend of a young dragon himself, and learns there may be more to the creatures than he assumed.;736K;1,581;6+;1h 38m;709;193
203. Большой Лебовски (1998);The Big Lebowski;8,1;Comedy/Crime;"Ultimate L.A. slacker Jeff ""The Dude"" Lebowski, mistaken for a millionaire of the same name, seeks restitution for a rug ruined by debt collectors, enlisting his bowling buddies for help while trying to find the millionaire's missing wife.";804K;444;18+;1h 57m;1.4K;204
204. Корпорация монстров (2001);Monsters, Inc.;8,1;Animation/Adventure/Comedy;In order to power the city, monsters have to scare children so that they scream. However, the children are toxic to the monsters, and after a child gets through, two monsters realize things may not be what they think.;903K;1,028;6+;1h 32m;767;245
205. Челюсти (1975);Jaws;8,1;Adventure/Thriller;When a killer shark unleashes chaos on a beach community off Cape Cod, it's up to a local sheriff, a marine biologist, and an old seafarer to hunt the beast down.;603K;313;16+;2h 4m;1.4K;298
206. Токийская повесть (1953);Tôkyô monogatari;8,1;Drama;An old couple visit their children and grandchildren in the city, but receive little attention.;62K;-;Not Rated;2h 16m;198;100
207. Страсти Жанны д'Арк (1928);La passion de Jeanne d'Arc;8,1;Biography/Drama/History;In 1431, Jeanne d'Arc is placed on trial on charges of heresy. The ecclesiastical jurists attempt to force Jeanne to recant her claims of holy visions.;55K;-;Passed;1h 50m;230;136
208. Общество мёртвых поэтов (1989);Dead Poets Society;8,1;Comedy/Drama;Maverick teacher John Keating uses poetry to embolden his boarding school students to new heights of self-expression.;487K;725;6+;2h 8m;756;119
209. Отель «Руанда» (2004);Hotel Rwanda;8,1;Biography/Drama/History;Paul Rusesabagina, a hotel manager, houses over a thousand Tutsi refugees during their struggle against the Hutu militia in Rwanda, Africa.;355K;3,886;PG-13;2h 1m;709;158
210. Ford против Ferrari (2019);Ford v Ferrari;8,0;Action/Biography/Drama;American car designer Carroll Shelby and driver Ken Miles battle corporate interference and the laws of physics to build a revolutionary race car for Ford in order to defeat Ferrari at the 24 Hours of Le Mans in 1966.;387K;263;16+;2h 32m;1.5K;355
211. Рокки (1976);Rocky;8,0;Drama/Sport;A small-time Philadelphia boxer gets a supremely rare chance to fight the world heavyweight champion in a bout in which he strives to go the distance for his self-respect.;573K;1,360;16+;2h;788;192
212. Взвод (1986);Platoon;8,0;Drama/War;Chris Taylor, a neophyte recruit in Vietnam, finds himself caught in a battle of wills between two sergeants, one good and the other evil. A shrewd examination of the brutality of war and the duality of man in conflict.;413K;1,411;16+;2h;670;135
213. Песнь дороги (1955);Pather Panchali;8,0;Drama;Impoverished priest Harihar Ray, dreaming of a better life for himself and his family, leaves his rural Bengal village in search of work.;33K;-;Not Rated;2h 5m;185;119
214. Всё везде и сразу (2022);Everything Everywhere All at Once;8,0;Action/Adventure/Comedy;An aging Chinese immigrant is swept up in an insane adventure, in which she alone can save the world by exploring other universes connecting with the lives she could have led.;223K;32;18+;2h 19m;2.1K;332
215. Останься со мной (1986);Stand by Me;8,0;Adventure/Drama;After the death of one of his friends, a writer recounts a childhood journey with his friends to find the body of a missing boy.;402K;370;R;1h 29m;783;137
216. Терминатор (1984);The Terminator;8,0;Action/Sci-Fi;A human soldier is sent from 2029 to 1984 to stop an almost indestructible cyborg killing machine, sent from the same year, which has been programmed to execute a young woman whose unborn son is the key to humanity's future salvation.;860K;588;16+;1h 47m;1K;250
217. В центре внимания (2015);Spotlight;8,0;Biography/Crime/Drama;The true story of how the Boston Globe uncovered the massive scandal of child molestation and cover-up within the local Catholic Archdiocese, shaking the entire Catholic Church to its core.;468K;1,111;18+;2h 9m;695;515
218. Гонка (2013);Rush;8,0;Action/Biography/Drama;The merciless 1970s rivalry between Formula One rivals James Hunt and Niki Lauda.;478K;495;R;2h 3m;641;424
219. Логан (2017);Logan;8,0;Action/Drama/Sci-Fi;In a future where mutants are nearly extinct, an elderly and weary Logan leads a quiet life. But when Laura, a mutant child pursued by scientists, comes to him for help, he must get her to safety.;755K;384;18+;2h 17m;1.7K;658
220. Рататуй (2007);Ratatouille;8,0;Animation/Adventure/Comedy;A rat who can cook makes an unusual alliance with a young kitchen worker at a famous Paris restaurant.;729K;740;0+;1h 51m;855;305
221. Телесеть (1976);Network;8,0;Drama;A television network cynically exploits a deranged former anchor's ravings and revelations about the news media for its own profit, but finds that his message may be difficult to control.;160K;851;16+;2h 1m;434;184
222. В диких условиях (2007);Into the Wild;8,0;Adventure/Biography/Drama;After graduating from Emory University, top student and athlete Christopher McCandless abandons his possessions, gives his entire $24,000 savings account to charity and hitchhikes to Alaska to live in the wilderness. Along the way, Christopher encounters a series of characters that shape his life.;621K;962;16+;2h 28m;1K;246
223. Волшебник страны Оз (1939);The Wizard of Oz;8,0;Adventure/Family/Fantasy;Young Dorothy Gale and her dog Toto are swept away by a tornado from their Kansas farm to the magical Land of Oz, and embark on a quest with three new friends to see the Wizard, who can return her to her home and fulfill the others' wishes.;398K;701;0+;1h 42m;798;165
224. Перед закатом (2004);Before Sunset;8,0;Drama/Romance;Nine years after Jesse and Celine first met, they encounter each other again on the French leg of Jesse's book tour.;263K;2,677;16+;1h 20m;597;237
225. День сурка (1993);Groundhog Day;8,0;Comedy/Drama/Fantasy;A narcissistic, self-centered weatherman finds himself in a time loop on Groundhog Day, and the day keeps repeating until he gets it right.;628K;1,326;12+;1h 41m;897;142
226. Изгоняющий дьявола (1973);The Exorcist;8,0;Horror;When a teenage girl is possessed by a mysterious entity, her mother seeks the help of two priests to save her daughter.;404K;159;18+;2h 2m;1.4K;234
227. Лучшие годы нашей жизни (1946);The Best Years of Our Lives;8,0;Drama/Romance/War;Three World War II veterans, two of them traumatized or disabled, return home to the American midwest to discover that they and their families have been irreparably changed.;65K;-;Approved;2h 50m;337;114
228. Быть или не быть (1942);To Be or Not to Be;8,0;Comedy/Romance/War;Joseph Tura: [disguised as Professor Siletsky - speaking about Maria Tura] Her husband is that great, great Polish actor, Josef Tura. You've probably heard of him.;38K;4,990;Passed;1h 39m;161;66
229. Да прольётся свет (2021);Jai Bhim;8,0;Crime/Drama/Mystery;When a tribal man is arrested for a case of alleged theft, his wife turns to a human-rights lawyer to help bring justice.;200K;3,675;TV-MA;2h 44m;3.3K;21
230. Суперсемейка (2004);The Incredibles;8,0;Animation/Action/Adventure;While trying to lead a quiet suburban life, a family of undercover superheroes are forced into action to save the world.;732K;1,035;12+;1h 55m;1K;240
231. Битва за Алжир (1966);La battaglia di Algeri;8,0;Drama/War;In the 1950s, fear and violence escalate as the people of Algiers fight for independence from the French government.;60K;-;Not Rated;2h 1m;312;145
232. Хатико: самый верный друг (2009);Hachi: A Dog's Tale;8,0;Biography/Drama/Family;A college professor bonds with an abandoned dog he takes into his home.;284K;2,093;0+;1h 33m;613;97
233. Гроздья гнева (1940);The Grapes of Wrath;8,0;Drama;An Oklahoma family, driven off their farm by the poverty and hopelessness of the Dust Bowl, joins the westward migration to California, suffering the misfortunes of the homeless in the Great Depression.;93K;-;(Banned);2h 9m;390;99
234. Ребекка (1940);Rebecca;8,0;Drama/Film-Noir/Mystery;A self-conscious woman juggles adjusting to her new role as an aristocrat's wife and avoiding being intimidated by his first wife's spectral presence.;137K;3,218;12+;2h 10m;388;214
235. Сука любовь (2000);Amores perros;8,0;Drama/Thriller;A horrific car accident connects three stories, each involving characters dealing with loss, regret, and life's harsh realities, all in the name of love.;240K;2,875;16+;2h 34m;420;154
236. Мой отец и мой сын (2005);Babam ve Oglum;8,0;Drama/Family;Deniz: As people grow, do their dreams get smaller, dad?;87K;-;Not Rated;1h 52m;138;8
237. Пираты Карибского моря: Проклятие Чёрной жемчужины (2003);Pirates of the Caribbean: The Curse of the Black Pearl;8,0;Action/Adventure/Fantasy;"Blacksmith Will Turner teams up with eccentric pirate ""Captain"" Jack Sparrow to save his love, the governor's daughter, from Jack's former pirate allies, who are now undead.";1.1M;435;12+;2h 23m;2.3K;182
238. Ненависть (1995);La haine;8,0;Crime/Drama;24 hours in the lives of three young men in the French suburbs the day after a violent riot.;173K;2,266;18+;1h 38m;257;91
239. Хладнокровный Люк (1967);Cool Hand Luke;8,0;Crime/Drama;A laid back Southern man is sentenced to two years in a rural prison, but refuses to conform.;177K;1,956;GP;2h 7m;388;107
240. Чeтыреста ударов (1959);Les quatre cents coups;8,0;Crime/Drama;A young boy, left without attention, delves into a life of petty crime.;118K;-;Not Rated;1h 39m;238;181
241. Персона (1966);Persona;8,0;Drama/Thriller;A nurse is put in charge of a mute actress and finds that their personae are melding together.;119K;3,440;Not Rated;1h 25m;269;145
242. Это случилось однажды ночью (1934);It Happened One Night;8,0;Comedy/Romance;A renegade reporter trailing a young runaway heiress for a big story joins her on a bus heading from Florida to New York, and they end up stuck with each other when the bus leaves them behind at one of the stops.;104K;4,968;Passed;1h 45m;343;129
243. Служанка (2016);Ah-ga-ssi;8,0;Drama/Romance/Thriller;A woman is hired as a handmaiden to a Japanese heiress, but secretly she is involved in a plot to defraud her.;146K;317;18+;2h 25m;329;350
244. Жизнь Брайана по Монти Пайтон (1979);Life of Brian;8,0;Comedy;Born on the original Christmas in the stable next door to Jesus Christ, Brian of Nazareth spends his life being mistaken for a messiah.;399K;2,370;12+;1h 34m;453;122
245. Звуки музыки (1965);The Sound of Music;8,0;Biography/Drama/Family;A young novitiate is sent by her convent in 1930s Austria to become a governess to the seven children of a widowed naval officer.;234K;828;0+;2h 52m;531;134
246. Дерсу Узала (1975);Dersu Uzala;8,0;Adventure/Biography/Drama;The Russian army sends an explorer on an expedition to the snowy Siberian wilderness where he makes friends with a seasoned local hunter.;30K;-;16+;2h 22m;119;55
247. Ганди (1982);Gandhi;8,0;Biography/Drama;The life of the lawyer who became the famed leader of the Indian revolts against the British rule through his philosophy of nonviolent protest.;232K;3,800;PG;3h 11m;331;110
248. Прислуга (2011);The Help;8,0;Drama;An aspiring author during the civil rights movement of the 1960s decides to write a book detailing the African American maids' point of view on the white families for which they work, and the hardships they go through on a daily basis.;458K;946;PG-13;2h 26m;646;298
249. Аладдин (1992);Aladdin;8,0;Animation/Adventure/Comedy;A kindhearted street urchin and a power-hungry Grand Vizier vie for a magic lamp that has the power to make their deepest wishes come true.;417K;1,522;G;1h 30m;383;152
250. Стальной гигант (1999);The Iron Giant;8,0;Animation/Action/Adventure;A young boy befriends a giant robot from outer space that a paranoid government agent wants to destroy.;196K;2,057;0+;1h 26m;627;142
